<?xml version="1.0"?>
<MyBooks>
	<Book>
		<title>The Genius of Dogs: How Dogs Are Smarter Than You Think</title>
		<author1>Brian Hare</author1>
		<author2>Vanessa Woods</author2>
		<publisher>Plume</publisher>
		<edition>1</edition>
		<date>10/29/2023</date>
		<format>Paperback</format>
		<isbn-10>142180467</isbn-10>
		<amazon_rating>4.5</amazon_rating>
	</Book>
	<Book>
		<title>Inside of a Dog: What Dogs See, Smell, and Know</title>
		<author1>Alexandra Horowitz</author1>
		<publisher>Scribner</publisher>
		<edition>1</edition>
		<date>09/28/2010,</date>
		<format>Paperback</format>
		<isbn-10>1416583432</isbn-10>
		<amazon_rating>4.4</amazon_rating>
	</Book>
	<Book>
		<title>Being a Dog: Following the Dog Into a World of Smell</title>
		<author1>Alexandra Horowitz</author1>
		<publisher>Scribner</publisher>
		<edition>1</edition>
		<date>10/17/2017,</date>
		<format>Paperback</format>
		<isbn-10>1476796025</isbn-10>
		<amazon_rating>4.5</amazon_rating>
	</Book>
</MyBooks>